Time,/SystemB/Rocket/FlightComputer/flight_stage,/SystemB/Rocket/FlightComputer/acceleration_x,/SystemB/Rocket/FlightComputer/acceleration_y,/SystemB/Rocket/FlightComputer/acceleration_z,/SystemB/Rocket/FlightComputer/gps_altitude,/SystemB/Rocket/FlightComputer/gps_latitude,/SystemB/Rocket/FlightComputer/gps_longitude,/SystemB/Rocket/FlightComputer/barometer_altitude_from_pad
2026-03-28T18:16:00.057Z,Pad,0.028,-0.003,1.007,266.415,42.7038,-77.191734,-31.48108
2026-03-28T18:16:00.058Z,Pad,,,,,,,
2026-03-28T18:16:00.058Z,Pad,,,,,,,
2026-03-28T18:16:00.058Z,Pad,0.013,0.005,1.006,266.415,42.7038,-77.191734,-31.48108
2026-03-28T18:16:00.058Z,Pad,,,,,,,
2026-03-28T18:16:00.058Z,Pad,0.046,0.004,1.011,266.416,42.7038,-77.191734,-28.719727
2026-03-28T18:16:00.569Z,Pad,,,,,,,
2026-03-28T18:16:00.569Z,Pad,0.03,-0.01,1.007,266.416,42.7038,-77.191734,-28.719727
2026-03-28T18:16:00.569Z,Pad,0.012,-0.01,1.004,266.416,42.7038,-77.191734,-28.719727
2026-03-28T18:16:00.570Z,Pad,,,,,,,
2026-03-28T18:16:00.570Z,Pad,0.022,0.002,1.008,266.416,42.7038,-77.191734,-28.719727
2026-03-28T18:16:00.571Z,Pad,,,,,,,
2026-03-28T18:16:00.677Z,Pad,,,,,,,
2026-03-28T18:16:01.079Z,Pad,0.033,0.015,1.008,266.416,42.7038,-77.191734,-33.138153
2026-03-28T18:16:01.080Z,Pad,,,,,,,
2026-03-28T18:16:01.080Z,Pad,,,,,,,
2026-03-28T18:16:01.080Z,Pad,0.03,0.009,1.008,266.416,42.7038,-77.191734,-28.719727
2026-03-28T18:16:01.082Z,Pad,,,,,,,
2026-03-28T18:16:01.082Z,Pad,0.018,-0.02,1.006,266.376,42.7038,-77.191734,-30.100433
2026-03-28T18:16:01.591Z,Pad,0.023,-0.009,1.007,266.376,42.7038,-77.191734,-24.852081
2026-03-28T18:16:01.592Z,Pad,,,,,,,
2026-03-28T18:16:01.592Z,Pad,0.035,0.01,1.009,266.376,42.7038,-77.191734,-27.61377
2026-03-28T18:16:01.593Z,Pad,,,,,,,
2026-03-28T18:16:01.677Z,Pad,,,,,,,
2026-03-28T18:16:02.105Z,Pad,,,,,,,
2026-03-28T18:16:02.105Z,Pad,0.017,-0.006,1.008,266.376,42.7038,-77.191734,-32.861694
2026-03-28T18:16:02.106Z,Pad,,,,,,,
2026-03-28T18:16:02.106Z,Pad,0.026,-0.011,1.009,266.376,42.7038,-77.191734,-30.376923
2026-03-28T18:16:02.106Z,Pad,,,,,,,
2026-03-28T18:16:02.106Z,Pad,0.035,0.005,1.011,266.399,42.7038,-77.191734,-30.100433
2026-03-28T18:16:02.615Z,Pad,0.027,0.01,1.01,266.399,42.7038,-77.191734,-27.33728
2026-03-28T18:16:02.616Z,Pad,,,,,,,
2026-03-28T18:16:02.616Z,Pad,,,,,,,
2026-03-28T18:16:02.616Z,Pad,0.017,-0.009,1.006,266.399,42.7038,-77.191734,-25.956451
2026-03-28T18:16:02.616Z,Pad,,,,,,,
2026-03-28T18:16:02.616Z,Pad,0.027,-0.007,1.007,266.399,42.7038,-77.191734,-27.33728
2026-03-28T18:16:02.677Z,Pad,,,,,,,
2026-03-28T18:16:03.129Z,Pad,,,,,,,
2026-03-28T18:16:03.129Z,Pad,0.037,0.0,1.01,266.399,42.7038,-77.191734,-28.719727
2026-03-28T18:16:03.130Z,Pad,,,,,,,
2026-03-28T18:16:03.130Z,Pad,0.019,0.003,1.006,266.399,42.7038,-77.191734,-25.956451
2026-03-28T18:16:03.130Z,Pad,,,,,,,
2026-03-28T18:16:03.130Z,Pad,0.02,-0.005,1.007,266.311,42.7038,-77.191734,-32.861694
2026-03-28T18:16:03.546Z,Pad,0.031,-0.005,1.008,266.311,42.7038,-77.191734,-28.719727
2026-03-28T18:16:03.547Z,Pad,,,,,,,
2026-03-28T18:16:03.547Z,Pad,0.032,-0.002,1.01,266.311,42.7038,-77.191734,-25.956451
2026-03-28T18:16:03.548Z,Pad,,,,,,,
2026-03-28T18:16:03.677Z,Pad,,,,,,,
2026-03-28T18:16:03.844Z,Pad,0.012,0.003,1.008,266.311,42.7038,-77.191734,-25.956451
2026-03-28T18:16:03.845Z,Pad,,,,,,,
2026-03-28T18:16:03.846Z,Pad,0.019,0.006,1.01,266.311,42.7038,-77.191734,-25.956451
2026-03-28T18:16:03.847Z,Pad,,,,,,,
2026-03-28T18:16:04.046Z,Pad,0.034,0.0,1.01,266.311,42.7038,-77.191734,-28.719727
2026-03-28T18:16:04.047Z,Pad,,,,,,,
2026-03-28T18:16:04.561Z,Pad,0.029,-0.011,1.009,266.19,42.7038,-77.191734,-28.719727
2026-03-28T18:16:04.562Z,Pad,,,,,,,
2026-03-28T18:16:04.562Z,Pad,,,,,,,
2026-03-28T18:16:04.562Z,Pad,0.018,0.003,1.008,266.19,42.7038,-77.191734,-28.719727
2026-03-28T18:16:04.562Z,Pad,,,,,,,
2026-03-28T18:16:04.562Z,Pad,0.018,0.013,1.009,266.19,42.7038,-77.191734,-28.719727
2026-03-28T18:16:04.677Z,Pad,,,,,,,
2026-03-28T18:16:05.073Z,Pad,0.031,-0.002,1.008,266.19,42.7038,-77.191734,-32.861694
2026-03-28T18:16:05.074Z,Pad,,,,,,,
2026-03-28T18:16:05.074Z,Pad,0.027,-0.017,1.009,266.19,42.7038,-77.191734,-32.861694
2026-03-28T18:16:05.075Z,Pad,,,,,,,
2026-03-28T18:16:05.099Z,Pad,0.021,-0.007,1.01,266.19,42.7038,-77.191734,-27.33728
2026-03-28T18:16:05.100Z,Pad,,,,,,,
2026-03-28T18:16:05.585Z,Pad,0.025,0.01,1.009,266.043,42.7038,-77.191734,-32.861694
2026-03-28T18:16:05.586Z,Pad,,,,,,,
2026-03-28T18:16:05.586Z,Pad,,,,,,,
2026-03-28T18:16:05.586Z,Pad,0.027,-0.011,1.006,266.043,42.7038,-77.191734,-31.48108
2026-03-28T18:16:05.677Z,Pad,,,,,,,
2026-03-28T18:16:06.097Z,Pad,0.026,-0.009,1.008,266.043,42.7038,-77.191734,-32.585236
2026-03-28T18:16:06.098Z,Pad,,,,,,,
2026-03-28T18:16:06.098Z,Pad,,,,,,,
2026-03-28T18:16:06.098Z,Pad,0.029,0.006,1.006,266.043,42.7038,-77.191734,-30.100433
2026-03-28T18:16:06.098Z,Pad,,,,,,,
2026-03-28T18:16:06.098Z,Pad,0.02,0.013,1.007,266.043,42.7038,-77.191734,-30.100433
2026-03-28T18:16:06.609Z,Pad,0.017,-0.003,1.007,265.93,42.7038,-77.191734,-27.33728
2026-03-28T18:16:06.610Z,Pad,,,,,,,
2026-03-28T18:16:06.610Z,Pad,,,,,,,
2026-03-28T18:16:06.610Z,Pad,0.035,-0.016,1.007,265.93,42.7038,-77.191734,-27.33728
2026-03-28T18:16:06.610Z,Pad,,,,,,,
2026-03-28T18:16:06.610Z,Pad,0.036,0.0,1.009,265.93,42.7038,-77.191734,-33.96747
2026-03-28T18:16:06.677Z,Pad,,,,,,,
2026-03-28T18:16:07.121Z,Pad,0.015,0.008,1.008,265.93,42.7038,-77.191734,-32.585236
2026-03-28T18:16:07.122Z,Pad,,,,,,,
2026-03-28T18:16:07.122Z,Pad,,,,,,,
2026-03-28T18:16:07.122Z,Pad,0.018,-0.006,1.005,265.93,42.7038,-77.191734,-35.34796
2026-03-28T18:16:07.124Z,Pad,,,,,,,
2026-03-28T18:16:07.124Z,Pad,0.043,-0.009,1.009,265.863,42.7038,-77.191734,-31.20462
2026-03-28T18:16:07.633Z,Pad,0.028,-0.006,1.01,265.863,42.7038,-77.191734,-32.585236
2026-03-28T18:16:07.634Z,Pad,,,,,,,
2026-03-28T18:16:07.634Z,Pad,0.013,0.007,1.006,265.863,42.7038,-77.191734,-28.443237
2026-03-28T18:16:07.635Z,Pad,,,,,,,
2026-03-28T18:16:07.635Z,Pad,0.027,0.006,1.009,265.863,42.7038,-77.191734,-30.100433
2026-03-28T18:16:07.636Z,Pad,,,,,,,
2026-03-28T18:16:07.677Z,Pad,,,,,,,
2026-03-28T18:16:08.145Z,Pad,0.036,-0.008,1.01,265.863,42.7038,-77.191734,-29.823975
2026-03-28T18:16:08.146Z,Pad,,,,,,,
2026-03-28T18:16:08.146Z,Pad,,,,,,,
2026-03-28T18:16:08.146Z,Pad,0.022,-0.011,1.007,265.863,42.7038,-77.191734,-25.679932
2026-03-28T18:16:08.147Z,Pad,0.02,0.007,1.007,265.821,42.703804,-77.191734,-27.06247
2026-03-28T18:16:08.148Z,Pad,,,,,,,
2026-03-28T18:16:08.555Z,Pad,0.026,0.0,1.01,265.821,42.703804,-77.191734,-29.823975
2026-03-28T18:16:08.556Z,Pad,,,,,,,
2026-03-28T18:16:08.674Z,Pad,,,,,,,
2026-03-28T18:16:09.579Z,Pad,,,,,,,
2026-03-28T18:16:09.579Z,Pad,0.019,0.0,1.006,265.682,42.703804,-77.191734,-32.585236
2026-03-28T18:16:09.580Z,Pad,,,,,,,
2026-03-28T18:16:09.580Z,Pad,0.023,-0.002,1.008,265.682,42.703804,-77.191734,-27.06247
2026-03-28T18:16:09.580Z,Pad,,,,,,,
2026-03-28T18:16:09.580Z,Pad,0.035,-0.006,1.01,265.682,42.703804,-77.191734,-31.20462
2026-03-28T18:16:09.677Z,Pad,,,,,,,
2026-03-28T18:16:10.091Z,Pad,0.028,-0.003,1.009,265.682,42.703804,-77.191734,-32.585236
2026-03-28T18:16:10.092Z,Pad,,,,,,,
2026-03-28T18:16:10.092Z,Pad,,,,,,,
2026-03-28T18:16:10.092Z,Pad,0.021,0.0,1.008,265.682,42.703804,-77.191734,-28.443237
2026-03-28T18:16:10.092Z,Pad,,,,,,,
2026-03-28T18:16:10.092Z,Pad,0.026,-0.002,1.008,265.682,42.703804,-77.191734,-25.679932
2026-03-28T18:16:10.677Z,Pad,,,,,,,
2026-03-28T18:16:11.115Z,Pad,0.033,0.001,1.009,265.617,42.703804,-77.191734,-29.823975
2026-03-28T18:16:11.116Z,Pad,,,,,,,
2026-03-28T18:16:11.116Z,Pad,,,,,,,
2026-03-28T18:16:11.116Z,Pad,0.025,-0.007,1.007,265.617,42.703804,-77.191734,-29.823975
2026-03-28T18:16:11.116Z,Pad,,,,,,,
2026-03-28T18:16:11.116Z,Pad,0.021,-0.004,1.007,265.617,42.703804,-77.191734,-28.443237
2026-03-28T18:16:11.117Z,Pad,,,,,,,
2026-03-28T18:16:11.117Z,Pad,0.033,0.0,1.009,265.617,42.703804,-77.191734,-32.585236
2026-03-28T18:16:11.117Z,Pad,,,,,,,
2026-03-28T18:16:11.117Z,Pad,0.031,-0.006,1.008,265.617,42.703804,-77.191734,-27.06247
2026-03-28T18:16:11.118Z,Pad,,,,,,,
2026-03-28T18:16:11.118Z,Pad,0.02,0.001,1.007,265.56,42.703804,-77.191734,-29.823975
2026-03-28T18:16:11.628Z,Pad,,,,,,,
2026-03-28T18:16:11.628Z,Pad,0.019,0.006,1.008,265.56,42.703804,-77.191734,-27.06247
2026-03-28T18:16:11.629Z,Pad,,,,,,,
2026-03-28T18:16:11.629Z,Pad,0.031,-0.004,1.007,265.56,42.703804,-77.191734,-25.679932
2026-03-28T18:16:11.630Z,Pad,,,,,,,
2026-03-28T18:16:11.630Z,Pad,0.03,-0.01,1.006,265.56,42.703804,-77.191734,-27.06247
2026-03-28T18:16:11.677Z,Pad,,,,,,,
2026-03-28T18:16:12.140Z,Pad,,,,,,,
2026-03-28T18:16:12.140Z,Pad,0.024,-0.005,1.008,265.56,42.703804,-77.191734,-28.443237
2026-03-28T18:16:12.140Z,Pad,0.027,0.004,1.007,265.56,42.703804,-77.191734,-28.443237
2026-03-28T18:16:12.141Z,Pad,,,,,,,
2026-03-28T18:16:12.141Z,Pad,,,,,,,
2026-03-28T18:16:12.141Z,Pad,0.025,0.002,1.008,265.465,42.703804,-77.191734,-27.06247
2026-03-28T18:16:12.576Z,Pad,0.029,-0.01,1.006,265.465,42.703804,-77.191734,-28.443237
2026-03-28T18:16:12.577Z,Pad,,,,,,,
2026-03-28T18:16:12.577Z,Pad,,,,,,,
2026-03-28T18:16:12.577Z,Pad,0.029,-0.008,1.007,265.465,42.703804,-77.191734,-31.20462
2026-03-28T18:16:12.677Z,Pad,,,,,,,
2026-03-28T18:16:13.165Z,Pad,,,,,,,
2026-03-28T18:16:13.165Z,Pad,0.023,0.011,1.007,265.465,42.703804,-77.191734,-25.679932
2026-03-28T18:16:13.166Z,Pad,,,,,,,
2026-03-28T18:16:13.166Z,Pad,0.025,-0.007,1.008,265.465,42.703804,-77.191734,-27.06247
2026-03-28T18:16:13.166Z,Pad,,,,,,,
2026-03-28T18:16:13.166Z,Pad,0.023,-0.01,1.006,265.453,42.703804,-77.191734,-28.443237
2026-03-28T18:16:13.674Z,Pad,,,,,,,
2026-03-28T18:16:13.675Z,Pad,,,,,,,
2026-03-28T18:16:13.675Z,Pad,0.04,0.0,1.007,265.453,42.703804,-77.191734,-28.443237
2026-03-28T18:16:13.675Z,Pad,0.021,0.004,1.007,265.453,42.703804,-77.191734,-27.06247
2026-03-28T18:16:13.676Z,Pad,,,,,,,
2026-03-28T18:16:14.084Z,Pad,0.039,0.0,1.009,265.453,42.703804,-77.191734,-25.679932
2026-03-28T18:16:14.085Z,Pad,,,,,,,
2026-03-28T18:16:14.598Z,Pad,0.015,-0.006,1.007,265.464,42.703804,-77.191734,-22.918121
2026-03-28T18:16:14.599Z,Pad,,,,,,,
2026-03-28T18:16:14.599Z,Pad,0.035,0.003,1.009,265.464,42.703804,-77.191734,-28.443237
2026-03-28T18:16:14.600Z,Pad,,,,,,,
2026-03-28T18:16:14.677Z,Pad,,,,,,,
2026-03-28T18:16:15.108Z,Pad,0.027,-0.007,1.007,265.464,42.703804,-77.191734,-30.928162
2026-03-28T18:16:15.109Z,Pad,,,,,,,
2026-03-28T18:16:15.109Z,Pad,0.018,-0.006,1.007,265.464,42.703804,-77.191734,-28.443237
2026-03-28T18:16:15.110Z,Pad,,,,,,,
2026-03-28T18:16:15.110Z,Pad,,,,,,,
2026-03-28T18:16:15.110Z,Pad,0.028,0.003,1.008,265.494,42.703804,-77.191734,-28.443237
2026-03-28T18:16:15.623Z,Pad,,,,,,,
2026-03-28T18:16:15.623Z,Pad,0.034,0.003,1.009,265.494,42.703804,-77.191734,-29.547485
2026-03-28T18:16:15.624Z,Pad,,,,,,,
2026-03-28T18:16:15.624Z,Pad,0.028,-0.005,1.008,265.494,42.703804,-77.191734,-31.20462
2026-03-28T18:16:15.624Z,Pad,,,,,,,
2026-03-28T18:16:15.624Z,Pad,0.023,-0.006,1.006,265.494,42.703804,-77.191734,-33.96747
2026-03-28T18:16:15.677Z,Pad,,,,,,,
2026-03-28T18:16:16.132Z,Pad,0.028,-0.002,1.007,265.494,42.703804,-77.191734,-32.310455
2026-03-28T18:16:16.133Z,Pad,,,,,,,
2026-03-28T18:16:16.133Z,Pad,,,,,,,
2026-03-28T18:16:16.133Z,Pad,0.031,0.008,1.008,265.494,42.703804,-77.191734,-26.78595
2026-03-28T18:16:16.135Z,Pad,,,,,,,
2026-03-28T18:16:16.135Z,Pad,0.021,0.0,1.007,265.49,42.703804,-77.191734,-29.823975
2026-03-28T18:16:16.601Z,Pad,0.031,-0.009,1.008,265.49,42.703804,-77.191734,-31.20462
2026-03-28T18:16:16.602Z,Pad,,,,,,,
2026-03-28T18:16:16.602Z,Pad,,,,,,,
2026-03-28T18:16:16.602Z,Pad,0.032,0.0,1.008,265.49,42.703804,-77.191734,-28.443237
2026-03-28T18:16:16.677Z,Pad,,,,,,,
2026-03-28T18:16:17.156Z,Pad,0.02,0.002,1.009,265.49,42.703804,-77.191734,-29.547485
2026-03-28T18:16:17.157Z,Pad,,,,,,,
2026-03-28T18:16:17.157Z,Pad,,,,,,,
2026-03-28T18:16:17.157Z,Pad,0.02,-0.007,1.007,265.49,42.703804,-77.191734,-32.310455
2026-03-28T18:16:17.157Z,Pad,,,,,,,
2026-03-28T18:16:17.157Z,Pad,0.032,-0.008,1.009,265.49,42.703804,-77.191734,-32.310455
2026-03-28T18:16:17.670Z,Pad,0.032,0.0,1.008,265.559,42.703804,-77.191734,-28.443237
2026-03-28T18:16:17.671Z,Pad,,,,,,,
2026-03-28T18:16:17.671Z,Pad,,,,,,,
2026-03-28T18:16:17.671Z,Pad,0.02,0.001,1.008,265.559,42.703804,-77.191734,-30.928162
2026-03-28T18:16:17.671Z,Pad,,,,,,,
2026-03-28T18:16:17.671Z,Pad,0.021,-0.004,1.008,265.559,42.703804,-77.191734,-29.547485
2026-03-28T18:16:17.677Z,Pad,,,,,,,
2026-03-28T18:16:18.180Z,Pad,0.037,-0.004,1.01,265.559,42.703804,-77.191734,-30.928162
2026-03-28T18:16:18.181Z,Pad,,,,,,,
2026-03-28T18:16:18.181Z,Pad,,,,,,,
2026-03-28T18:16:18.181Z,Pad,0.036,-0.003,1.008,265.559,42.703804,-77.191734,-32.310455
2026-03-28T18:16:18.183Z,Pad,,,,,,,
2026-03-28T18:16:18.183Z,Pad,0.017,-0.002,1.007,265.539,42.703804,-77.191734,-26.78595
2026-03-28T18:16:18.590Z,Pad,0.035,0.001,1.009,265.539,42.703804,-77.191734,-29.547485
2026-03-28T18:16:18.591Z,Pad,,,,,,,
2026-03-28T18:16:18.591Z,Pad,,,,,,,
2026-03-28T18:16:18.591Z,Pad,0.036,-0.005,1.008,265.539,42.703804,-77.191734,-32.310455
2026-03-28T18:16:18.677Z,Pad,,,,,,,
2026-03-28T18:16:18.897Z,Pad,0.022,0.0,1.008,265.539,42.703804,-77.191734,-28.166748
2026-03-28T18:16:18.898Z,Pad,,,,,,,
2026-03-28T18:16:19.614Z,Pad,,,,,,,
2026-03-28T18:16:19.614Z,Pad,0.023,-0.014,1.008,265.517,42.703804,-77.191734,-30.928162
2026-03-28T18:16:19.615Z,Pad,,,,,,,
2026-03-28T18:16:19.615Z,Pad,0.031,0.0,1.008,265.517,42.703804,-77.191734,-28.166748
2026-03-28T18:16:19.677Z,Pad,,,,,,,
2026-03-28T18:16:20.230Z,Pad,,,,,,,
2026-03-28T18:16:20.230Z,Pad,0.03,0.006,1.009,265.517,42.703804,-77.191734,-30.928162
2026-03-28T18:16:20.231Z,Pad,,,,,,,
2026-03-28T18:16:20.231Z,Pad,0.021,-0.01,1.007,265.517,42.703804,-77.191734,-29.547485
2026-03-28T18:16:20.231Z,Pad,,,,,,,
2026-03-28T18:16:20.231Z,Pad,0.028,-0.007,1.007,265.545,42.703804,-77.191734,-32.033997
2026-03-28T18:16:20.638Z,Pad,,,,,,,
2026-03-28T18:16:20.638Z,Pad,0.031,0.004,1.008,265.545,42.703804,-77.191734,-29.547485
2026-03-28T18:16:20.639Z,Pad,,,,,,,
2026-03-28T18:16:20.639Z,Pad,0.021,0.0,1.007,265.545,42.703804,-77.191734,-32.310455
2026-03-28T18:16:20.640Z,Pad,,,,,,,
2026-03-28T18:16:20.640Z,Pad,0.025,-0.006,1.008,265.545,42.703804,-77.191734,-30.928162
2026-03-28T18:16:20.677Z,Pad,,,,,,,
2026-03-28T18:16:21.150Z,Pad,0.034,-0.002,1.009,265.545,42.703804,-77.191734,-30.928162
2026-03-28T18:16:21.151Z,Pad,,,,,,,
2026-03-28T18:16:21.151Z,Pad,,,,,,,
2026-03-28T18:16:21.151Z,Pad,0.033,-0.004,1.008,265.545,42.703804,-77.191734,-28.166748
2026-03-28T18:16:21.152Z,Pad,0.019,-0.007,1.008,265.49,42.703804,-77.191734,-30.928162
2026-03-28T18:16:21.153Z,Pad,,,,,,,
2026-03-28T18:16:21.662Z,Pad,0.022,-0.001,1.008,265.49,42.703804,-77.191734,-28.166748
2026-03-28T18:16:21.663Z,Pad,,,,,,,
2026-03-28T18:16:21.663Z,Pad,,,,,,,
2026-03-28T18:16:21.663Z,Pad,0.029,0.002,1.009,265.49,42.703804,-77.191734,-28.166748
2026-03-28T18:16:21.677Z,Pad,,,,,,,
2026-03-28T18:16:22.174Z,Pad,0.024,-0.012,1.006,265.49,42.703804,-77.191734,-28.166748
2026-03-28T18:16:22.175Z,Pad,,,,,,,
2026-03-28T18:16:22.175Z,Pad,,,,,,,
2026-03-28T18:16:22.175Z,Pad,0.024,-0.009,1.007,265.49,42.703804,-77.191734,-29.270996
2026-03-28T18:16:22.175Z,Pad,,,,,,,
2026-03-28T18:16:22.175Z,Pad,0.03,0.004,1.009,265.424,42.703804,-77.191734,-30.928162
2026-03-28T18:16:22.673Z,Pad,,,,,,,
2026-03-28T18:16:22.686Z,Pad,,,,,,,
2026-03-28T18:16:22.686Z,Pad,0.026,0.0,1.009,265.424,42.703804,-77.191734,-29.270996
2026-03-28T18:16:22.687Z,Pad,,,,,,,
2026-03-28T18:16:22.687Z,Pad,0.02,-0.01,1.006,265.424,42.703804,-77.191734,-30.928162
2026-03-28T18:16:22.687Z,Pad,,,,,,,
2026-03-28T18:16:22.687Z,Pad,0.029,-0.012,1.008,265.424,42.703804,-77.191734,-28.166748
2026-03-28T18:16:23.198Z,Pad,0.034,-0.008,1.009,265.424,42.703804,-77.191734,-29.270996
2026-03-28T18:16:23.199Z,Pad,,,,,,,
2026-03-28T18:16:23.199Z,Pad,,,,,,,
2026-03-28T18:16:23.199Z,Pad,0.019,0.002,1.008,265.424,42.703804,-77.191734,-29.270996
2026-03-28T18:16:23.199Z,Pad,,,,,,,
2026-03-28T18:16:23.199Z,Pad,0.015,0.002,1.007,265.452,42.703804,-77.191734,-29.270996
2026-03-28T18:16:23.677Z,Pad,,,,,,,
2026-03-28T18:16:23.710Z,Pad,0.027,-0.003,1.007,265.452,42.703804,-77.191734,-32.033997
2026-03-28T18:16:23.711Z,Pad,,,,,,,
2026-03-28T18:16:24.222Z,Pad,0.018,0.0,1.006,265.452,42.703804,-77.191734,-29.270996
2026-03-28T18:16:24.223Z,Pad,,,,,,,
2026-03-28T18:16:24.223Z,Pad,,,,,,,
2026-03-28T18:16:24.223Z,Pad,0.027,0.0,1.007,265.452,42.703804,-77.191734,-25.40512
2026-03-28T18:16:24.223Z,Pad,,,,,,,
2026-03-28T18:16:24.223Z,Pad,0.036,-0.003,1.008,265.532,42.703804,-77.191734,-29.270996
2026-03-28T18:16:24.632Z,Pad,0.017,-0.003,1.007,265.532,42.703804,-77.191734,-29.270996
2026-03-28T18:16:24.633Z,Pad,,,,,,,
2026-03-28T18:16:24.633Z,Pad,0.024,0.002,1.007,265.532,42.703804,-77.191734,-29.270996
2026-03-28T18:16:24.634Z,Pad,,,,,,,
2026-03-28T18:16:24.673Z,Pad,,,,,,,
2026-03-28T18:16:25.143Z,Pad,0.031,-0.011,1.008,265.532,42.703804,-77.191734,-29.270996
2026-03-28T18:16:25.144Z,Pad,,,,,,,
2026-03-28T18:16:25.144Z,Pad,,,,,,,
2026-03-28T18:16:25.144Z,Pad,0.022,-0.004,1.006,265.652,42.703804,-77.191734,-28.166748
2026-03-28T18:16:25.657Z,Pad,,,,,,,
2026-03-28T18:16:25.657Z,Pad,0.023,0.008,1.008,265.652,42.703804,-77.191734,-29.270996
2026-03-28T18:16:25.672Z,Pad,,,,,,,
2026-03-28T18:16:26.167Z,Pad,0.025,-0.011,1.006,265.652,42.703804,-77.191734,-29.270996
2026-03-28T18:16:26.168Z,Pad,,,,,,,
2026-03-28T18:16:26.168Z,Pad,,,,,,,
2026-03-28T18:16:26.168Z,Pad,0.026,0.001,1.006,265.652,42.703804,-77.191734,-26.50946
2026-03-28T18:16:26.168Z,Pad,,,,,,,
2026-03-28T18:16:26.168Z,Pad,0.026,0.004,1.009,265.753,42.703804,-77.191734,-29.270996
2026-03-28T18:16:26.677Z,Pad,,,,,,,
2026-03-28T18:16:26.680Z,Pad,,,,,,,
2026-03-28T18:16:26.680Z,Pad,0.027,-0.004,1.009,265.753,42.703804,-77.191734,-33.41458
2026-03-28T18:16:26.680Z,Pad,,,,,,,
2026-03-28T18:16:26.680Z,Pad,0.028,-0.01,1.007,265.753,42.703804,-77.191734,-29.270996
2026-03-28T18:16:26.681Z,Pad,,,,,,,
2026-03-28T18:16:26.681Z,Pad,0.027,-0.001,1.009,265.753,42.703804,-77.191734,-32.033997
2026-03-28T18:16:27.193Z,Pad,,,,,,,
2026-03-28T18:16:27.193Z,Pad,0.024,0.002,1.008,265.753,42.703804,-77.191734,-30.653381
2026-03-28T18:16:27.193Z,Pad,0.025,-0.007,1.007,265.753,42.703804,-77.191734,-33.41458
2026-03-28T18:16:27.194Z,Pad,,,,,,,
2026-03-28T18:16:27.194Z,Pad,,,,,,,
2026-03-28T18:16:27.194Z,Pad,0.029,-0.01,1.008,265.901,42.703804,-77.191734,-30.653381
2026-03-28T18:16:27.624Z,Pad,0.03,0.0,1.01,265.901,42.703804,-77.191734,-25.128601
2026-03-28T18:16:27.625Z,Pad,,,,,,,
2026-03-28T18:16:27.625Z,Pad,,,,,,,
2026-03-28T18:16:27.625Z,Pad,0.021,-0.003,1.006,265.901,42.703804,-77.191734,-33.41458
2026-03-28T18:16:27.677Z,Pad,,,,,,,
2026-03-28T18:16:28.215Z,Pad,0.028,-0.008,1.007,265.901,42.703804,-77.191734,-30.653381
2026-03-28T18:16:28.216Z,Pad,,,,,,,
2026-03-28T18:16:28.216Z,Pad,0.031,-0.007,1.009,265.901,42.703804,-77.191734,-29.270996
2026-03-28T18:16:28.217Z,Pad,,,,,,,
2026-03-28T18:16:28.217Z,Pad,,,,,,,
2026-03-28T18:16:28.217Z,Pad,0.024,0.0,1.008,265.994,42.703804,-77.191734,-29.270996
2026-03-28T18:16:28.218Z,Pad,,,,,,,
2026-03-28T18:16:28.218Z,Pad,0.021,-0.001,1.008,265.994,42.703804,-77.191734,-27.890259
2026-03-28T18:16:28.677Z,Pad,,,,,,,
2026-03-28T18:16:28.727Z,Pad,0.024,-0.004,1.007,265.994,42.703804,-77.191734,-32.033997
2026-03-28T18:16:28.728Z,Pad,,,,,,,
2026-03-28T18:16:28.728Z,Pad,,,,,,,
2026-03-28T18:16:28.728Z,Pad,0.032,-0.004,1.009,265.994,42.703804,-77.191734,-29.270996
2026-03-28T18:16:28.730Z,Pad,,,,,,,
2026-03-28T18:16:28.730Z,Pad,0.028,-0.003,1.008,265.994,42.703804,-77.191734,-33.41458
2026-03-28T18:16:29.240Z,Pad,,,,,,,
2026-03-28T18:16:29.240Z,Pad,0.022,-0.002,1.007,265.994,42.703804,-77.191734,-33.41458
2026-03-28T18:16:29.240Z,Pad,0.027,-0.001,1.007,266.063,42.703804,-77.191734,-30.928162
2026-03-28T18:16:29.241Z,Pad,,,,,,,
2026-03-28T18:16:29.677Z,Pad,,,,,,,
2026-03-28T18:16:29.751Z,Pad,0.027,-0.004,1.008,266.063,42.703804,-77.191734,-33.41458
2026-03-28T18:16:29.752Z,Pad,,,,,,,
2026-03-28T18:16:29.752Z,Pad,,,,,,,
2026-03-28T18:16:29.752Z,Pad,0.024,-0.004,1.008,266.063,42.703804,-77.191734,-33.41458
2026-03-28T18:16:30.673Z,Pad,0.023,-0.004,1.007,266.092,42.703804,-77.191734,-34.795105
2026-03-28T18:16:30.674Z,Pad,,,,,,,
2026-03-28T18:16:30.674Z,Pad,,,,,,,
2026-03-28T18:16:30.674Z,Pad,0.029,0.001,1.008,266.092,42.703804,-77.191734,-32.033997
2026-03-28T18:16:30.674Z,Pad,0.028,-0.003,1.007,266.092,42.703804,-77.191734,-34.795105
2026-03-28T18:16:30.675Z,Pad,,,,,,,
2026-03-28T18:16:30.677Z,Pad,,,,,,,
2026-03-28T18:16:31.185Z,Pad,0.026,-0.01,1.007,266.092,42.703804,-77.191734,-34.795105
2026-03-28T18:16:31.186Z,Pad,,,,,,,
2026-03-28T18:16:31.186Z,Pad,,,,,,,
2026-03-28T18:16:31.186Z,Pad,0.028,-0.004,1.007,266.092,42.703804,-77.191734,-30.653381
2026-03-28T18:16:31.188Z,Pad,,,,,,,
2026-03-28T18:16:31.188Z,Pad,0.028,0.0,1.01,266.154,42.703804,-77.191734,-34.795105
2026-03-28T18:16:31.677Z,Pad,,,,,,,
2026-03-28T18:16:31.697Z,Pad,,,,,,,
2026-03-28T18:16:31.697Z,Pad,0.024,-0.007,1.008,266.154,42.703804,-77.191734,-32.033997
2026-03-28T18:16:31.698Z,Pad,,,,,,,
2026-03-28T18:16:31.698Z,Pad,0.027,-0.002,1.008,266.154,42.703804,-77.191734,-34.795105
2026-03-28T18:16:32.672Z,Pad,,,,,,,
2026-03-28T18:16:32.722Z,Pad,,,,,,,
2026-03-28T18:16:32.722Z,Pad,0.028,-0.006,1.008,266.098,42.703808,-77.191734,-30.376923
2026-03-28T18:16:33.233Z,Pad,0.026,-0.005,1.008,266.04,42.703808,-77.191734,-29.270996
2026-03-28T18:16:33.234Z,Pad,,,,,,,
2026-03-28T18:16:33.647Z,Pad,0.025,-0.002,1.009,266.04,42.703808,-77.191734,-32.033997
2026-03-28T18:16:33.648Z,Pad,,,,,,,
2026-03-28T18:16:33.648Z,Pad,,,,,,,
2026-03-28T18:16:33.648Z,Pad,0.029,-0.003,1.008,266.04,42.703808,-77.191734,-33.138153
2026-03-28T18:16:33.649Z,Pad,,,,,,,
2026-03-28T18:16:33.649Z,Pad,0.026,-0.008,1.008,266.04,42.703808,-77.191734,-33.138153
2026-03-28T18:16:33.677Z,Pad,,,,,,,
2026-03-28T18:16:33.950Z,Pad,0.03,-0.007,1.008,266.04,42.703808,-77.191734,-30.376923
2026-03-28T18:16:33.951Z,Pad,,,,,,,
2026-03-28T18:16:34.147Z,Pad,0.028,-0.002,1.009,266.04,42.703808,-77.191734,-27.890259
2026-03-28T18:16:34.148Z,Pad,,,,,,,
2026-03-28T18:16:34.667Z,Pad,0.026,-0.003,1.008,266.011,42.703808,-77.191734,-33.138153
2026-03-28T18:16:34.668Z,Pad,,,,,,,
2026-03-28T18:16:34.668Z,Pad,,,,,,,
2026-03-28T18:16:34.668Z,Pad,0.026,-0.008,1.008,266.011,42.703808,-77.191734,-27.61377
2026-03-28T18:16:34.673Z,Pad,,,,,,,
2026-03-28T18:16:35.147Z,Pad,0.028,-0.003,1.008,266.032,42.703808,-77.191734,-34.518677
2026-03-28T18:16:35.148Z,Pad,,,,,,,
2026-03-28T18:16:35.677Z,Pad,,,,,,,
2026-03-28T18:16:35.691Z,Pad,0.029,-0.006,1.009,266.032,42.703808,-77.191734,-30.376923
2026-03-28T18:16:35.692Z,Pad,,,,,,,
2026-03-28T18:16:35.692Z,Pad,,,,,,,
2026-03-28T18:16:35.692Z,Pad,0.027,-0.005,1.009,266.032,42.703808,-77.191734,-30.376923
2026-03-28T18:16:35.693Z,Pad,,,,,,,
2026-03-28T18:16:35.693Z,Pad,0.024,-0.005,1.007,266.032,42.703808,-77.191734,-30.376923
2026-03-28T18:16:36.147Z,Pad,0.027,-0.002,1.009,266.032,42.703808,-77.191734,-33.138153
2026-03-28T18:16:36.148Z,Pad,,,,,,,
2026-03-28T18:16:36.148Z,Pad,,,,,,,
2026-03-28T18:16:36.148Z,Pad,0.029,-0.008,1.008,266.032,42.703808,-77.191734,-32.033997
2026-03-28T18:16:36.148Z,Pad,,,,,,,
2026-03-28T18:16:36.148Z,Pad,0.027,-0.008,1.009,266.068,42.703808,-77.191734,-30.376923
2026-03-28T18:16:36.673Z,Pad,,,,,,,
2026-03-28T18:16:36.715Z,Pad,,,,,,,
2026-03-28T18:16:36.715Z,Pad,0.125,0.044,1.639,266.068,42.703808,-77.191734,-33.138153
2026-03-28T18:16:36.715Z,Pad,0.177,0.04,4.297,266.068,42.703808,-77.191734,-33.138153
2026-03-28T18:16:36.731Z,Ascent,0.094,-0.031,4.768,266.068,42.703808,-77.191734,-17.94522
2026-03-28T18:16:37.227Z,Ascent,0.164,-0.087,4.888,266.068,42.703808,-77.191734,4.165802
2026-03-28T18:16:37.227Z,Ascent,0.195,-0.141,4.958,278.327,42.70381,-77.191734,16.610107
2026-03-28T18:16:37.739Z,Ascent,0.117,-0.087,5.141,278.327,42.70381,-77.191734,59.50711
2026-03-28T18:16:37.739Z,Ascent,0.199,0.04,5.261,278.327,42.70381,-77.191734,104.95459
2026-03-28T18:16:38.150Z,Ascent,0.37,0.247,5.418,278.327,42.70381,-77.191734,138.24731
2026-03-28T18:16:38.151Z,Ascent,0.464,0.302,5.53,278.327,42.70381,-77.191734,166.01593
2026-03-28T18:16:38.151Z,Ascent,0.396,0.248,5.633,322.504,42.70385,-77.1918,196.86517
2026-03-28T18:16:38.660Z,Ascent,0.057,0.166,5.783,322.504,42.70385,-77.1918,236.64954
2026-03-28T18:16:39.174Z,Ascent,0.187,0.057,5.957,408.135,42.70393,-77.19207,488.11603
2026-03-28T18:16:39.683Z,Ascent,0.156,0.134,5.95,408.135,42.70393,-77.19207,552.39954
2026-03-28T18:16:39.684Z,Ascent,-0.037,0.304,5.831,408.135,42.70393,-77.19207,622.7162
2026-03-28T18:16:39.684Z,Ascent,0.377,0.022,5.715,408.135,42.70393,-77.19207,686.126
2026-03-28T18:16:40.198Z,Ascent,0.142,-0.062,5.59,408.135,42.70393,-77.19207,767.74536
2026-03-28T18:16:40.199Z,Ascent,0.142,0.527,5.361,408.135,42.70393,-77.19207,849.8473
2026-03-28T18:16:40.199Z,Ascent,0.284,-0.067,5.207,536.937,42.704037,-77.19258,927.8862
2026-03-28T18:16:40.708Z,Ascent,-0.003,0.08,5.034,536.937,42.704037,-77.19258,1021.7705
2026-03-28T18:16:40.709Z,Ascent,0.101,0.199,4.742,536.937,42.704037,-77.19258,1091.3563
2026-03-28T18:16:40.710Z,Ascent,0.217,-0.037,4.464,536.937,42.704037,-77.19258,1271.4019
2026-03-28T18:16:41.148Z,Ascent,-0.124,0.185,4.185,536.937,42.704037,-77.19258,1373.1562
2026-03-28T18:16:41.149Z,Ascent,0.162,0.074,3.881,701.592,42.704178,-77.19331,1448.3743
2026-03-28T18:16:41.733Z,Ascent,0.084,0.483,3.709,701.592,42.704178,-77.19331,1560.5044
2026-03-28T18:16:41.734Z,Ascent,-0.098,-0.063,3.548,701.592,42.704178,-77.19331,1667.7812
2026-03-28T18:16:41.734Z,Ascent,0.11,0.118,3.313,701.592,42.704178,-77.19331,1785.5984
2026-03-28T18:16:41.735Z,Ascent,-0.124,0.346,3.182,701.592,42.704178,-77.19331,1903.2441
2026-03-28T18:16:42.147Z,Pre-Apogee,0.094,0.243,2.84,701.592,42.704178,-77.19331,2032.1643
2026-03-28T18:16:42.148Z,Pre-Apogee,-0.028,0.067,1.35,892.297,42.70437,-77.19422,2117.1116
2026-03-28T18:16:42.756Z,Pre-Apogee,0.133,0.221,0.744,892.297,42.70437,-77.19422,2254.538
2026-03-28T18:16:42.757Z,Pre-Apogee,-0.197,0.023,-0.061,892.297,42.70437,-77.19422,2458.1726
2026-03-28T18:16:44.702Z,Pre-Apogee,-0.147,0.157,-0.616,1271.893,42.70478,-77.19618,3764.832
2026-03-28T18:16:45.158Z,Pre-Apogee,-0.116,0.073,-0.578,1271.893,42.70478,-77.19618,3955.225
2026-03-28T18:16:45.159Z,Pre-Apogee,-0.046,0.185,-0.568,1271.893,42.70478,-77.19618,4043.9717
2026-03-28T18:16:45.159Z,Pre-Apogee,-0.056,0.111,-0.555,1439.224,42.704983,-77.19712,4145.153
2026-03-28T18:16:45.725Z,Pre-Apogee,-0.115,0.121,-0.54,1439.224,42.704983,-77.19712,4228.1406
2026-03-28T18:16:45.726Z,Pre-Apogee,0.008,0.057,-0.526,1439.224,42.704983,-77.19712,4329.887
2026-03-28T18:16:46.237Z,Pre-Apogee,-0.08,0.103,-0.494,1439.224,42.704983,-77.19712,4509.3345
2026-03-28T18:16:46.238Z,Pre-Apogee,-0.05,0.093,-0.483,1439.224,42.704983,-77.19712,4585.316
2026-03-28T18:16:46.681Z,Pre-Apogee,-0.07,0.057,-0.463,1592.485,42.70517,-77.19801,4735.581
2026-03-28T18:16:46.682Z,Pre-Apogee,-0.04,0.08,-0.446,1592.485,42.70517,-77.19801,4808.896
2026-03-28T18:16:47.262Z,Pre-Apogee,-0.098,0.11,-0.419,1592.485,42.70517,-77.19801,4974.9355
2026-03-28T18:16:47.263Z,Pre-Apogee,-0.084,0.094,-0.412,1592.485,42.70517,-77.19801,5063.5767
2026-03-28T18:16:47.263Z,Pre-Apogee,0.026,0.0,-0.405,1732.902,42.70536,-77.19889,5127.636
2026-03-28T18:16:47.774Z,Pre-Apogee,-0.046,0.057,-0.393,1732.902,42.70536,-77.19889,5221.213
2026-03-28T18:16:47.775Z,Pre-Apogee,-0.089,0.137,-0.379,1732.902,42.70536,-77.19889,5281.374
2026-03-28T18:16:47.775Z,Pre-Apogee,-0.016,0.042,-0.372,1732.902,42.70536,-77.19889,5366.627
2026-03-28T18:16:48.286Z,Pre-Apogee,-0.06,0.072,-0.36,1732.902,42.70536,-77.19889,5434.858
2026-03-28T18:16:48.695Z,Pre-Apogee,-0.042,0.055,-0.325,1858.856,42.705536,-77.19974,5692.4927
2026-03-28T18:16:48.696Z,Pre-Apogee,-0.003,0.07,-0.318,1858.856,42.705536,-77.19974,5769.949
2026-03-28T18:16:49.003Z,Pre-Apogee,-0.022,0.079,-0.309,1858.856,42.705536,-77.19974,5823.8843
2026-03-28T18:16:49.004Z,Pre-Apogee,-0.07,0.069,-0.298,1858.856,42.705536,-77.19974,5902.6436
2026-03-28T18:16:49.182Z,Pre-Apogee,-0.018,0.055,-0.291,1972.223,42.70571,-77.200554,5954.154
2026-03-28T18:16:49.719Z,Pre-Apogee,-0.001,0.061,-0.269,1972.223,42.70571,-77.200554,6148.708
2026-03-28T18:16:50.183Z,Pre-Apogee,-0.014,0.076,-0.257,1972.223,42.70571,-77.200554,6250.5903
2026-03-28T18:16:50.184Z,Pre-Apogee,-0.019,0.009,-0.248,1972.223,42.70571,-77.200554,6297.308
2026-03-28T18:16:50.744Z,Pre-Apogee,-0.058,0.036,-0.24,2073.867,42.705883,-77.20136,6360.4854
2026-03-28T18:16:50.746Z,Pre-Apogee,-0.024,0.054,-0.234,2073.867,42.705883,-77.20136,6404.0117
2026-03-28T18:16:50.746Z,Pre-Apogee,-0.025,0.003,-0.227,2073.867,42.705883,-77.20136,6466.3906
2026-03-28T18:16:50.746Z,Pre-Apogee,-0.025,0.008,-0.221,2073.867,42.705883,-77.20136,6508.042
2026-03-28T18:16:51.254Z,Pre-Apogee,-0.02,0.05,-0.216,2073.867,42.705883,-77.20136,6571.9653
2026-03-28T18:16:51.254Z,Pre-Apogee,-0.02,0.062,-0.213,2163.924,42.70605,-77.20214,6611.0557
2026-03-28T18:16:51.257Z,Pre-Apogee,-0.054,0.042,-0.204,2163.924,42.70605,-77.20214,6669.44
2026-03-28T18:16:51.767Z,Pre-Apogee,-0.045,-0.004,-0.197,2163.924,42.70605,-77.20214,6713.3813
2026-03-28T18:16:52.279Z,Pre-Apogee,-0.003,0.017,-0.184,2163.924,42.70605,-77.20214,6834.02
2026-03-28T18:16:52.280Z,Pre-Apogee,-0.038,0.02,-0.178,2242.073,42.706215,-77.2029,6879.2056
2026-03-28T18:16:52.791Z,Pre-Apogee,0.012,0.017,-0.169,2242.073,42.706215,-77.2029,6960.9033
2026-03-28T18:16:52.792Z,Pre-Apogee,0.012,-0.009,-0.165,2242.073,42.706215,-77.2029,7007.2896
2026-03-28T18:16:52.792Z,Pre-Apogee,0.023,0.044,-0.16,2242.073,42.706215,-77.2029,7042.805
2026-03-28T18:16:53.303Z,Pre-Apogee,0.008,0.097,-0.156,2242.073,42.706215,-77.2029,7085.8877
2026-03-28T18:16:53.304Z,Pre-Apogee,-0.039,0.007,-0.149,2309.559,42.70637,-77.20365,7120.1206
2026-03-28T18:16:53.304Z,Pre-Apogee,-0.054,-0.027,-0.145,2309.559,42.70637,-77.20365,7151.9897
2026-03-28T18:16:53.816Z,Pre-Apogee,0.014,-0.022,-0.143,2309.559,42.70637,-77.20365,7188.352
2026-03-28T18:16:54.225Z,Pre-Apogee,0.002,0.029,-0.134,2309.559,42.70637,-77.20365,7277.717
2026-03-28T18:16:54.226Z,Pre-Apogee,-0.013,-0.003,-0.128,2309.559,42.70637,-77.20365,7308.707
2026-03-28T18:16:54.226Z,Pre-Apogee,-0.031,0.0,-0.125,2366.214,42.706528,-77.204384,7343.1763
2026-03-28T18:16:54.737Z,Pre-Apogee,-0.048,-0.02,-0.122,2366.214,42.706528,-77.204384,7369.398
2026-03-28T18:16:54.738Z,Pre-Apogee,-0.018,0.0,-0.119,2366.214,42.706528,-77.204384,7398.4053
2026-03-28T18:16:54.738Z,Pre-Apogee,0.024,0.02,-0.12,2366.214,42.706528,-77.204384,7422.2515
2026-03-28T18:16:55.249Z,Pre-Apogee,0.051,0.016,-0.116,2366.214,42.706528,-77.204384,7451.304
2026-03-28T18:16:55.250Z,Pre-Apogee,-0.044,-0.004,-0.11,2366.214,42.706528,-77.204384,7477.614
2026-03-28T18:16:55.250Z,Pre-Apogee,-0.052,0.024,-0.109,2412.671,42.706684,-77.20511,7506.7183
2026-03-28T18:16:55.761Z,Pre-Apogee,-0.059,0.038,-0.108,2412.671,42.706684,-77.20511,7526.1353
2026-03-28T18:16:56.273Z,Pre-Apogee,0.0,-0.038,-0.102,2412.671,42.706684,-77.20511,7578.2026
2026-03-28T18:16:56.274Z,Pre-Apogee,0.006,0.027,-0.101,2412.671,42.706684,-77.20511,7601.138
2026-03-28T18:16:56.274Z,Pre-Apogee,0.003,0.056,-0.1,2448.56,42.706837,-77.20581,7615.048
2026-03-28T18:16:56.785Z,Pre-Apogee,-0.017,0.04,-0.097,2448.56,42.706837,-77.20581,7637.3125
2026-03-28T18:16:56.786Z,Pre-Apogee,-0.05,-0.014,-0.094,2448.56,42.706837,-77.20581,7646.363
2026-03-28T18:16:56.786Z,Pre-Apogee,-0.038,-0.02,-0.092,2448.56,42.706837,-77.20581,7665.169
2026-03-28T18:16:57.297Z,Pre-Apogee,-0.012,0.01,-0.091,2448.56,42.706837,-77.20581,7677.711
2026-03-28T18:16:57.298Z,Pre-Apogee,0.018,0.02,-0.09,2448.56,42.706837,-77.20581,7689.213
2026-03-28T18:16:57.298Z,Pre-Apogee,0.023,0.011,-0.089,2474.154,42.70698,-77.20651,7705.5996
2026-03-28T18:16:57.809Z,Pre-Apogee,0.001,0.015,-0.086,2474.154,42.70698,-77.20651,7712.576
2026-03-28T18:16:57.811Z,Pre-Apogee,0.0,0.017,-0.085,2474.154,42.70698,-77.20651,7735.6074
2026-03-28T18:16:58.321Z,Pre-Apogee,0.0,0.028,-0.084,2474.154,42.70698,-77.20651,7740.4956
2026-03-28T18:16:58.322Z,Pre-Apogee,-0.001,0.031,-0.083,2489.916,42.707127,-77.2072,7749.575
2026-03-28T18:16:58.323Z,Pre-Apogee,-0.023,0.0,-0.081,2489.916,42.707127,-77.2072,7754.466
2026-03-28T18:16:58.731Z,Pre-Apogee,-0.001,0.006,-0.081,2489.916,42.707127,-77.2072,7754.466
2026-03-28T18:16:58.731Z,Pre-Apogee,0.007,-0.003,-0.081,2489.916,42.707127,-77.2072,7762.5
2026-03-28T18:16:59.243Z,Pre-Apogee,0.008,0.01,-0.079,2489.916,42.707127,-77.2072,7765.993
2026-03-28T18:16:59.244Z,Pre-Apogee,0.011,0.031,-0.079,2489.916,42.707127,-77.2072,7762.5
2026-03-28T18:16:59.244Z,Pre-Apogee,0.009,0.005,-0.078,2495.927,42.707268,-77.20787,7763.547
2026-03-28T18:16:59.754Z,Pre-Apogee,-0.142,0.223,-1.577,2495.927,42.707268,-77.20787,7770.536
2026-03-28T18:17:00.267Z,Pre-Apogee,-0.013,-0.066,-0.274,2495.927,42.707268,-77.20787,7763.547
2026-03-28T18:17:00.268Z,Pre-Apogee,0.107,0.245,-0.257,2495.927,42.707268,-77.20787,7755.5127
2026-03-28T18:17:00.268Z,Drogue descent,0.297,0.17,-0.344,2492.346,42.707405,-77.20851,7749.575
2026-03-28T18:17:00.779Z,Drogue descent,0.262,0.06,-0.517,2492.346,42.707405,-77.20851,7746.0815
2026-03-28T18:17:00.780Z,Drogue descent,0.045,0.111,-0.609,2492.346,42.707405,-77.20851,7738.0513
2026-03-28T18:17:00.780Z,Drogue descent,-0.121,0.45,-0.701,2492.346,42.707405,-77.20851,7755.5127
2026-03-28T18:17:01.289Z,Drogue descent,0.008,1.312,-0.982,2492.346,42.707405,-77.20851,7779.9736
2026-03-28T18:17:01.290Z,Drogue descent,0.188,1.669,-0.86,2492.346,42.707405,-77.20851,7833.502
2026-03-28T18:17:01.290Z,Drogue descent,-0.828,5.089,-2.087,2480.077,42.707546,-77.20906,7968.948
2026-03-28T18:17:01.803Z,Drogue descent,0.352,3.43,-0.328,2480.077,42.707546,-77.20906,8197.97
2026-03-28T18:17:01.805Z,Drogue descent,0.241,2.209,0.348,2480.077,42.707546,-77.20906,7893.084
2026-03-28T18:17:02.314Z,Drogue descent,-0.434,2.388,0.286,2480.077,42.707546,-77.20906,7800.6035
2026-03-28T18:17:02.317Z,Drogue descent,0.265,1.723,-0.046,2462.02,42.70765,-77.20943,7945.748
2026-03-28T18:17:02.856Z,Drogue descent,-0.171,1.313,-0.031,2462.02,42.70765,-77.20943,7701.764
2026-03-28T18:17:03.339Z,Drogue descent,0.396,0.676,-0.177,2462.02,42.70765,-77.20943,7591.7524
2026-03-28T18:17:03.340Z,Drogue descent,0.16,0.452,-0.121,2441.046,42.70769,-77.20961,7633.485
2026-03-28T18:17:03.362Z,Drogue descent,0.342,0.914,-0.198,2441.046,42.70769,-77.20961,7659.9434
2026-03-28T18:17:03.851Z,Drogue descent,-0.479,0.411,-0.267,2441.046,42.70769,-77.20961,7527.175
2026-03-28T18:17:04.003Z,Drogue descent,-0.389,-0.178,-0.363,2441.046,42.70769,-77.20961,7501.5186
2026-03-28T18:17:04.260Z,Drogue descent,-0.403,-0.343,-0.437,2415.562,42.70771,-77.20974,7494.934
2026-03-28T18:17:04.261Z,Drogue descent,-0.731,1.214,-0.838,2415.562,42.70771,-77.20974,7498.3984
2026-03-28T18:17:04.774Z,Drogue descent,0.51,1.471,-0.374,2415.562,42.70771,-77.20974,7624.438
2026-03-28T18:17:04.775Z,Drogue descent,0.57,1.339,-0.222,2415.562,42.70771,-77.20974,7563.9614
2026-03-28T18:17:04.776Z,Drogue descent,-0.609,0.561,-0.148,2415.562,42.70771,-77.20974,7482.116
2026-03-28T18:17:05.284Z,Drogue descent,-1.028,-0.326,-0.115,2415.562,42.70771,-77.20974,7561.878
2026-03-28T18:17:05.285Z,Drogue descent,-0.426,-0.713,-0.095,2387.864,42.707726,-77.20984,7553.5464
2026-03-28T18:17:05.753Z,Drogue descent,-0.263,-0.866,-0.09,2387.864,42.707726,-77.20984,7546.604
2026-03-28T18:17:05.754Z,Drogue descent,0.078,0.261,-0.4,2387.864,42.707726,-77.20984,7309.7417
2026-03-28T18:17:06.308Z,Drogue descent,-0.358,0.326,-0.653,2387.864,42.707726,-77.20984,7308.362
2026-03-28T18:17:06.309Z,Drogue descent,-0.168,1.435,-0.468,2359.106,42.707752,-77.209885,7415.3374
2026-03-28T18:17:06.309Z,Drogue descent,0.476,1.182,-0.196,2359.106,42.707752,-77.209885,7532.726
2026-03-28T18:17:06.822Z,Drogue descent,-0.138,1.509,-0.186,2359.106,42.707752,-77.209885,7308.362
2026-03-28T18:17:06.823Z,Drogue descent,-0.476,0.795,-0.114,2359.106,42.707752,-77.209885,7304.918
2026-03-28T18:17:06.823Z,Drogue descent,0.267,1.502,-0.013,2359.106,42.707752,-77.209885,7413.9536
2026-03-28T18:17:07.333Z,Drogue descent,0.859,0.623,-0.036,2359.106,42.707752,-77.209885,7315.2534
2026-03-28T18:17:07.334Z,Drogue descent,1.056,0.124,-0.02,2327.114,42.707756,-77.20986,7156.104
2026-03-28T18:17:07.335Z,Drogue descent,0.787,-0.663,-0.05,2327.114,42.707756,-77.20986,7176.685
2026-03-28T18:17:07.846Z,Drogue descent,0.898,0.185,-0.209,2327.114,42.707756,-77.20986,7128.6846
2026-03-28T18:17:08.357Z,Drogue descent,0.414,0.218,-0.134,2327.114,42.707756,-77.20986,7065.024
2026-03-28T18:17:08.358Z,Drogue descent,0.536,-0.126,-0.162,2293.264,42.70773,-77.20977,7058.1855
2026-03-28T18:17:08.358Z,Drogue descent,1.335,0.253,-0.488,2293.264,42.70773,-77.20977,7082.125
2026-03-28T18:17:08.765Z,Drogue descent,0.98,0.798,-0.302,2293.264,42.70773,-77.20977,7128.6846
2026-03-28T18:17:08.766Z,Drogue descent,0.147,2.084,-0.701,2293.264,42.70773,-77.20977,7029.4814
2026-03-28T18:17:09.278Z,Drogue descent,-0.588,-0.752,-0.203,2293.264,42.70773,-77.20977,7130.054
2026-03-28T18:17:09.279Z,Drogue descent,0.114,-0.917,-0.184,2257.492,42.707714,-77.20967,6988.862
2026-03-28T18:17:09.318Z,Drogue descent,-0.012,-0.622,-0.191,2257.492,42.707714,-77.20967,6906.074
2026-03-28T18:17:09.790Z,Drogue descent,-0.144,0.416,-0.276,2257.492,42.707714,-77.20967,6894.849
2026-03-28T18:17:09.791Z,Drogue descent,-0.202,0.702,-0.308,2257.492,42.707714,-77.20967,6892.4683
2026-03-28T18:17:10.302Z,Drogue descent,-0.34,0.226,-0.406,2257.492,42.707714,-77.20967,6803.1406
2026-03-28T18:17:10.303Z,Drogue descent,0.086,-0.074,-0.341,2219.609,42.70771,-77.20958,6779.4062
2026-03-28T18:17:10.303Z,Drogue descent,0.583,0.189,-0.427,2219.609,42.70771,-77.20958,6778.052
2026-03-28T18:17:10.814Z,Drogue descent,0.472,0.2,-0.63,2219.609,42.70771,-77.20958,6734.0205
2026-03-28T18:17:10.815Z,Drogue descent,-0.404,-0.194,-0.617,2219.609,42.70771,-77.20958,6693.7705
2026-03-28T18:17:11.325Z,Drogue descent,-0.695,-0.171,-0.327,2219.609,42.70771,-77.20958,6688.023
2026-03-28T18:17:11.325Z,Drogue descent,-0.601,0.191,-0.327,2176.741,42.70769,-77.20947,6643.1045
2026-03-28T18:17:11.327Z,Drogue descent,-0.007,0.02,-0.416,2176.741,42.70769,-77.20947,6570.2817
2026-03-28T18:17:11.838Z,Drogue descent,-0.029,-0.2,-0.919,2176.741,42.70769,-77.20947,6545.3716
2026-03-28T18:17:11.839Z,Drogue descent,-0.031,0.017,-0.527,2176.741,42.70769,-77.20947,6526.533
2026-03-28T18:17:11.840Z,Drogue descent,0.04,0.235,-0.466,2176.741,42.70769,-77.20947,6496.279
2026-03-28T18:17:12.350Z,Drogue descent,0.269,0.208,-0.538,2176.741,42.70769,-77.20947,6467.397
2026-03-28T18:17:12.350Z,Drogue descent,0.184,0.087,-0.459,2129.736,42.70766,-77.20936,6434.516
2026-03-28T18:17:12.759Z,Drogue descent,-0.118,0.688,-0.81,2129.736,42.70766,-77.20936,6404.682
2026-03-28T18:17:12.760Z,Drogue descent,-0.049,1.035,-0.627,2129.736,42.70766,-77.20936,6408.032
2026-03-28T18:17:13.271Z,Drogue descent,-0.178,1.016,-0.531,2129.736,42.70766,-77.20936,6334.399
2026-03-28T18:17:13.783Z,Drogue descent,-0.416,-0.259,-0.652,2079.62,42.70764,-77.20924,6204.2705
2026-03-28T18:17:16.507Z,Drogue descent,-0.259,0.232,-0.612,2079.62,42.70764,-77.20924,6126.774
2026-03-28T18:17:16.508Z,Drogue descent,-0.043,0.229,-0.721,2079.62,42.70764,-77.20924,6096.8906
2026-03-28T18:17:16.508Z,Drogue descent,-0.001,0.23,-0.627,2026.34,42.707634,-77.20912,6071.6753
2026-03-28T18:17:16.928Z,Drogue descent,-0.031,0.331,-0.871,2026.34,42.707634,-77.20912,6038.528
2026-03-28T18:17:16.929Z,Drogue descent,0.02,0.464,-0.747,2026.34,42.707634,-77.20912,6015.344
2026-03-28T18:17:16.929Z,Drogue descent,-0.567,0.78,-0.811,1970.113,42.707615,-77.208984,5909.572
2026-03-28T18:17:16.930Z,Drogue descent,-0.776,0.674,-0.894,1970.113,42.707615,-77.208984,5837.381
2026-03-28T18:17:16.930Z,Drogue descent,-0.695,0.861,-0.942,1970.113,42.707615,-77.208984,5809.7344
2026-03-28T18:17:16.931Z,Drogue descent,-0.635,1.538,-0.753,1970.113,42.707615,-77.208984,5772.9077
2026-03-28T18:17:16.932Z,Drogue descent,-0.784,1.449,-0.769,1914.268,42.70761,-77.208855,5745.314
2026-03-28T18:17:16.932Z,Drogue descent,-0.967,1.306,-0.751,1914.268,42.70761,-77.208855,5698.0654
2026-03-28T18:17:16.932Z,Drogue descent,-0.941,1.279,-0.661,1914.268,42.70761,-77.208855,5665.2944
2026-03-28T18:17:16.932Z,Drogue descent,-0.798,1.251,-0.706,1914.268,42.70761,-77.208855,5626.0117
2026-03-28T18:17:17.068Z,Drogue descent,-0.847,1.312,-0.801,1914.268,42.70761,-77.208855,5597.889
2026-03-28T18:17:17.253Z,Drogue descent,-0.486,1.646,-0.707,1859.813,42.707603,-77.208694,5577.3022
2026-03-28T18:17:17.753Z,Drogue descent,-0.175,1.413,-0.693,1859.813,42.707603,-77.208694,5508.7744
2026-03-28T18:17:17.754Z,Drogue descent,-0.354,1.127,-0.77,1859.813,42.707603,-77.208694,5454.704
2026-03-28T18:17:18.279Z,Drogue descent,-0.982,1.064,-0.754,1859.813,42.707603,-77.208694,5450.1494
2026-03-28T18:17:18.280Z,Drogue descent,-0.641,1.617,-0.748,1859.813,42.707603,-77.208694,5440.387
2026-03-28T18:17:18.280Z,Drogue descent,0.019,2.102,-0.727,1807.849,42.707565,-77.208565,5455.3555
2026-03-28T18:17:18.811Z,Drogue descent,0.1,2.136,-0.738,1807.849,42.707565,-77.208565,5385.1333
2026-03-28T18:17:19.344Z,Drogue descent,-0.563,2.086,-0.471,1807.849,42.707565,-77.208565,5317.3276
2026-03-28T18:17:19.346Z,Drogue descent,0.395,2.36,-0.18,1760.801,42.707565,-77.20842,5414.3735
2026-03-28T18:17:19.522Z,Drogue descent,-0.79,1.377,-0.03,1760.801,42.707565,-77.20842,5259.0435
2026-03-28T18:17:19.825Z,Drogue descent,0.867,1.495,0.486,1760.801,42.707565,-77.20842,5189.238
2026-03-28T18:17:19.827Z,Drogue descent,1.306,-0.919,0.472,1760.801,42.707565,-77.20842,5263.5737
2026-03-28T18:17:20.338Z,Drogue descent,-0.436,1.493,0.304,1760.801,42.707565,-77.20842,5211.8438
2026-03-28T18:17:20.339Z,Drogue descent,0.571,-0.82,0.097,1720.57,42.707592,-77.20821,5134.4043
2026-03-28T18:17:20.849Z,Drogue descent,-0.157,1.475,-0.036,1720.57,42.707592,-77.20821,5150.523
2026-03-28T18:17:20.850Z,Drogue descent,1.464,-0.505,-0.114,1720.57,42.707592,-77.20821,4977.1807
2026-03-28T18:17:21.361Z,Drogue descent,0.735,-0.646,-0.195,1720.57,42.707592,-77.20821,4919.4966
2026-03-28T18:17:21.362Z,Drogue descent,1.152,-0.273,-0.121,1685.17,42.707592,-77.20802,5021.7964
2026-03-28T18:17:21.362Z,Drogue descent,0.142,1.535,-0.07,1685.17,42.707592,-77.20802,4953.454
2026-03-28T18:17:21.873Z,Drogue descent,-0.993,-0.718,-0.197,1685.17,42.707592,-77.20802,4986.8047
2026-03-28T18:17:22.284Z,Drogue descent,-0.81,0.207,-0.275,1685.17,42.707592,-77.20802,5016.6562
2026-03-28T18:17:22.285Z,Drogue descent,1.451,0.241,-0.232,1653.284,42.707573,-77.20786,4778.9126
2026-03-28T18:17:22.795Z,Drogue descent,-0.303,-0.628,0.373,1653.284,42.707573,-77.20786,4903.4907
2026-03-28T18:17:23.307Z,Drogue descent,-0.138,-0.58,0.083,1622.053,42.707558,-77.20772,4697.7124
2026-03-28T18:17:23.772Z,Drogue descent,1.548,0.132,-0.102,1622.053,42.707558,-77.20772,4792.944
2026-03-28T18:17:24.331Z,Drogue descent,0.266,-0.746,-0.124,1622.053,42.707558,-77.20772,4640.5146
2026-03-28T18:17:24.332Z,Drogue descent,0.847,-0.451,-0.174,1590.976,42.707554,-77.20754,4578.979
2026-03-28T18:17:24.332Z,Drogue descent,0.931,-0.314,-0.15,1590.976,42.707554,-77.20754,4577.0776
2026-03-28T18:17:24.843Z,Drogue descent,0.825,-0.439,-0.164,1590.976,42.707554,-77.20754,4545.405
2026-03-28T18:17:25.355Z,Drogue descent,-0.09,-0.063,-0.186,1590.976,42.707554,-77.20754,4473.9355
2026-03-28T18:17:25.356Z,Drogue descent,0.154,0.189,-0.192,1558.131,42.707573,-77.20737,4466.3555
2026-03-28T18:17:25.356Z,Drogue descent,0.567,0.039,-0.199,1558.131,42.707573,-77.20737,4454.04
2026-03-28T18:17:25.867Z,Drogue descent,0.556,-0.116,-0.289,1558.131,42.707573,-77.20737,4427.5312
2026-03-28T18:17:25.868Z,Drogue descent,0.166,-0.067,-0.264,1558.131,42.707573,-77.20737,4389.07
2026-03-28T18:17:25.868Z,Drogue descent,-0.106,-0.002,-0.269,1558.131,42.707573,-77.20737,4368.91
2026-03-28T18:17:26.379Z,Drogue descent,-0.411,-0.023,-0.247,1558.131,42.707573,-77.20737,4356.316
2026-03-28T18:17:26.891Z,Drogue descent,0.725,0.246,-0.343,1519.781,42.707592,-77.207184,4246.33
2026-03-28T18:17:26.893Z,Drogue descent,0.264,0.267,-0.379,1519.781,42.707592,-77.207184,4218.108
2026-03-28T18:17:27.403Z,Drogue descent,-0.144,0.315,-0.303,1519.781,42.707592,-77.207184,4190.2217
2026-03-28T18:17:27.404Z,Drogue descent,-0.697,0.214,-0.604,1477.797,42.707623,-77.206985,4168.305
2026-03-28T18:17:27.405Z,Drogue descent,-0.724,0.769,-0.626,1477.797,42.707623,-77.206985,4162.0454
2026-03-28T18:17:27.915Z,Drogue descent,-0.306,1.244,-0.446,1477.797,42.707623,-77.206985,4187.091
2026-03-28T18:17:27.915Z,Drogue descent,0.24,0.955,-0.38,1477.797,42.707623,-77.206985,4122.642
2026-03-28T18:17:27.918Z,Drogue descent,0.022,0.715,-0.453,1477.797,42.707623,-77.206985,4058.9414
2026-03-28T18:17:28.427Z,Drogue descent,-0.217,0.149,-0.495,1434.341,42.70764,-77.20681,4025.8906
2026-03-28T18:17:28.428Z,Drogue descent,-0.48,-0.038,-0.598,1434.341,42.70764,-77.20681,3983.5352
2026-03-28T18:17:28.939Z,Drogue descent,-0.502,0.649,-0.784,1434.341,42.70764,-77.20681,3973.5767
2026-03-28T18:17:28.940Z,Drogue descent,-0.148,0.978,-0.624,1434.341,42.70764,-77.20681,3972.9536
2026-03-28T18:17:28.940Z,Drogue descent,0.083,0.765,-0.527,1434.341,42.70764,-77.20681,3919.17
2026-03-28T18:17:29.451Z,Drogue descent,-0.032,0.532,-0.547,1434.341,42.70764,-77.20681,3866.4028
2026-03-28T18:17:29.452Z,Drogue descent,-0.239,0.286,-0.66,1387.646,42.70765,-77.20666,3841.601
2026-03-28T18:17:29.452Z,Drogue descent,-0.582,0.314,-0.528,1387.646,42.70765,-77.20666,3816.8174
2026-03-28T18:17:32.448Z,Drogue descent,-0.274,0.671,-0.637,1387.646,42.70765,-77.20666,3767.3042
2026-03-28T18:17:32.449Z,Drogue descent,-0.264,0.561,-0.674,1387.646,42.70765,-77.20666,3727.1304
2026-03-28T18:17:32.449Z,Drogue descent,-0.47,0.625,-0.82,1338.8,42.707672,-77.20648,3693.1753
2026-03-28T18:17:32.450Z,Drogue descent,-0.587,0.736,-0.75,1338.8,42.707672,-77.20648,3666.9595
2026-03-28T18:17:32.450Z,Drogue descent,-0.664,0.81,-0.728,1338.8,42.707672,-77.20648,3639.843
2026-03-28T18:17:32.451Z,Drogue descent,-0.691,0.826,-0.634,1338.8,42.707672,-77.20648,3604.7449
2026-03-28T18:17:32.451Z,Drogue descent,-0.747,0.952,-0.64,1338.8,42.707672,-77.20648,3590.5925
2026-03-28T18:17:32.451Z,Drogue descent,-0.723,0.979,-0.561,1338.8,42.707672,-77.20648,3550.6316
2026-03-28T18:17:32.451Z,Drogue descent,-0.623,0.805,-0.546,1288.874,42.707672,-77.2063,3504.582
2026-03-28T18:17:32.452Z,Drogue descent,-0.569,0.508,-0.73,1288.874,42.707672,-77.2063,3473.9177
2026-03-28T18:17:32.452Z,Drogue descent,-0.58,0.567,-0.858,1288.874,42.707672,-77.2063,3443.2817
2026-03-28T18:17:32.452Z,Drogue descent,-0.517,0.86,-0.862,1288.874,42.707672,-77.2063,3434.097
2026-03-28T18:17:32.453Z,Drogue descent,-0.541,1.106,-0.656,1288.874,42.707672,-77.2063,3396.158
2026-03-28T18:17:32.453Z,Drogue descent,-0.786,0.535,-0.769,1238.61,42.70767,-77.20615,3339.6345
2026-03-28T18:17:32.453Z,Drogue descent,-0.812,0.274,-0.649,1238.61,42.70767,-77.20615,3309.1218
2026-03-28T18:17:32.454Z,Drogue descent,-0.642,0.83,-0.683,1238.61,42.70767,-77.20615,3283.5137
2026-03-28T18:17:32.932Z,Drogue descent,-0.33,1.077,-0.675,1238.61,42.70767,-77.20615,3254.2695
2026-03-28T18:17:32.933Z,Drogue descent,-0.244,1.067,-0.743,1238.61,42.70767,-77.20615,3232.9622
2026-03-28T18:17:33.446Z,Drogue descent,-0.503,0.892,-0.738,1238.61,42.70767,-77.20615,3191.6047
2026-03-28T18:17:33.447Z,Drogue descent,-0.73,0.805,-0.722,1187.73,42.70768,-77.20598,3170.3372
2026-03-28T18:17:33.447Z,Drogue descent,-0.622,0.98,-0.721,1187.73,42.70768,-77.20598,3135.7307
2026-03-28T18:17:33.956Z,Drogue descent,-0.535,1.053,-0.742,1187.73,42.70768,-77.20598,3104.1921
2026-03-28T18:17:33.957Z,Drogue descent,-0.722,0.669,-0.703,1187.73,42.70768,-77.20598,3052.3987
2026-03-28T18:17:33.958Z,Drogue descent,-0.74,0.74,-0.737,1187.73,42.70768,-77.20598,3019.7302
2026-03-28T18:17:34.366Z,Drogue descent,-0.623,0.969,-0.699,1136.122,42.707653,-77.2058,2998.572
2026-03-28T18:17:34.367Z,Drogue descent,-0.493,1.03,-0.737,1136.122,42.707653,-77.2058,2963.5388
2026-03-28T18:17:34.673Z,Drogue descent,-0.586,0.948,-0.726,1136.122,42.707653,-77.2058,2927.339
2026-03-28T18:17:34.674Z,Drogue descent,-0.777,0.8,-0.721,1136.122,42.707653,-77.2058,2910.7583
2026-03-28T18:17:34.859Z,Drogue descent,-0.655,0.87,-0.635,1136.122,42.707653,-77.2058,2862.8767
2026-03-28T18:17:35.390Z,Drogue descent,-0.433,0.864,-0.741,1136.122,42.707653,-77.2058,2831.294
2026-03-28T18:17:35.391Z,Drogue descent,-0.433,0.668,-0.685,1084.282,42.707638,-77.205666,2798.2378
2026-03-28T18:17:35.391Z,Drogue descent,-0.573,0.601,-0.767,1084.282,42.707638,-77.205666,2764.0166
2026-03-28T18:17:35.859Z,Drogue descent,-0.557,0.939,-0.936,1084.282,42.707638,-77.205666,2690.2866
2026-03-28T18:17:36.359Z,Drogue descent,-0.597,0.722,-0.9,1084.282,42.707638,-77.205666,2653.1838
2026-03-28T18:17:36.359Z,Drogue descent,-0.804,0.81,-0.846,1032.32,42.707626,-77.205505,2633.4514
2026-03-28T18:17:36.360Z,Drogue descent,-0.846,1.204,-0.751,1032.32,42.707626,-77.205505,2611.3423
2026-03-28T18:17:36.927Z,Drogue descent,-0.732,1.238,-0.734,1032.32,42.707626,-77.205505,2593.427
2026-03-28T18:17:36.928Z,Drogue descent,-0.785,0.861,-0.798,1032.32,42.707626,-77.205505,2536.4578
2026-03-28T18:17:36.928Z,Drogue descent,-0.776,0.553,-0.746,1032.32,42.707626,-77.205505,2501.3113
2026-03-28T18:17:36.931Z,Drogue descent,-0.659,0.739,-0.861,1032.32,42.707626,-77.205505,2469.7703
2026-03-28T18:17:37.438Z,Drogue descent,-0.549,0.975,-0.882,980.722,42.707592,-77.20536,2451.9307
2026-03-28T18:17:37.439Z,Drogue descent,-0.545,1.091,-0.913,980.722,42.707592,-77.20536,2432.3164
2026-03-28T18:17:37.950Z,Drogue descent,-0.745,0.496,-0.731,980.722,42.707592,-77.20536,2320.2073
2026-03-28T18:17:37.952Z,Drogue descent,-0.731,0.582,-0.705,980.722,42.707592,-77.20536,2302.4453
2026-03-28T18:17:38.462Z,Drogue descent,-0.698,0.791,-0.711,929.551,42.707577,-77.20524,2281.7375
2026-03-28T18:17:38.462Z,Drogue descent,-0.568,0.834,-0.674,929.551,42.707577,-77.20524,2241.8337
2026-03-28T18:17:38.464Z,Drogue descent,-0.53,0.815,-0.752,929.551,42.707577,-77.20524,2206.4038
2026-03-28T18:17:38.871Z,Drogue descent,-0.687,0.853,-0.815,929.551,42.707577,-77.20524,2186.344
2026-03-28T18:17:38.872Z,Drogue descent,-0.602,1.053,-0.794,929.551,42.707577,-77.20524,2163.9377
2026-03-28T18:17:39.383Z,Drogue descent,-0.561,1.179,-0.707,929.551,42.707577,-77.20524,2122.7039
2026-03-28T18:17:39.384Z,Drogue descent,-0.595,0.803,-0.726,878.683,42.707542,-77.205086,2091.5168
2026-03-28T18:17:39.384Z,Drogue descent,-0.758,0.779,-0.629,878.683,42.707542,-77.205086,2063.8845
2026-03-28T18:17:39.899Z,Drogue descent,-0.67,0.807,-0.723,878.683,42.707542,-77.205086,2008.1008
2026-03-28T18:17:39.900Z,Drogue descent,-0.435,0.85,-0.833,878.683,42.707542,-77.205086,1977.6067
2026-03-28T18:17:39.900Z,Drogue descent,-0.558,0.703,-0.781,878.683,42.707542,-77.205086,1949.7747
2026-03-28T18:17:41.437Z,Drogue descent,-0.67,0.849,-0.732,827.508,42.7075,-77.20497,1935.1357
2026-03-28T18:17:41.438Z,Drogue descent,-0.484,1.105,-0.649,827.508,42.7075,-77.20497,1902.9531
2026-03-28T18:17:41.438Z,Drogue descent,-0.443,0.899,-0.685,827.508,42.7075,-77.20497,1850.3545
2026-03-28T18:17:41.438Z,Drogue descent,-0.658,0.362,-0.672,827.508,42.7075,-77.20497,1818.2529
2026-03-28T18:17:41.439Z,Drogue descent,-0.731,0.545,-0.72,827.508,42.7075,-77.20497,1800.7561
2026-03-28T18:17:41.440Z,Drogue descent,-0.527,0.879,-0.747,827.508,42.7075,-77.20497,1776.2742
2026-03-28T18:17:41.440Z,Drogue descent,-0.407,0.945,-0.759,776.24,42.707474,-77.204834,1745.4067
2026-03-28T18:17:41.441Z,Drogue descent,-0.523,1.161,-0.826,776.24,42.707474,-77.204834,1693.6372
2026-03-28T18:17:41.943Z,Drogue descent,-0.49,1.229,-0.748,776.24,42.707474,-77.204834,1702.0657
2026-03-28T18:17:41.944Z,Drogue descent,-0.774,1.447,-0.691,776.24,42.707474,-77.204834,1643.9768
2026-03-28T18:17:41.945Z,Drogue descent,-0.82,0.789,-0.705,776.24,42.707474,-77.204834,1604.534
2026-03-28T18:17:42.455Z,Drogue descent,-0.782,0.78,-0.624,776.24,42.707474,-77.204834,1576.139
2026-03-28T18:17:42.456Z,Drogue descent,-0.498,0.877,-0.599,725.389,42.707424,-77.20471,1535.619
2026-03-28T18:17:42.456Z,Drogue descent,-0.487,0.822,-0.813,725.389,42.707424,-77.20471,1504.9713
2026-03-28T18:17:42.967Z,Drogue descent,-0.572,0.779,-0.8,725.389,42.707424,-77.20471,1480.7032
2026-03-28T18:17:42.968Z,Main descent,-0.513,1.05,-0.763,725.389,42.707424,-77.20471,1454.7231
2026-03-28T18:17:42.970Z,Main descent,-0.307,1.029,-0.78,725.389,42.707424,-77.20471,1424.4355
2026-03-28T18:17:43.376Z,Main descent,-0.507,0.509,-0.789,674.625,42.707394,-77.20461,1363.9454
2026-03-28T18:17:43.377Z,Main descent,-0.821,0.345,-0.652,674.625,42.707394,-77.20461,1343.8055
2026-03-28T18:17:43.874Z,Main descent,-0.81,0.595,-0.636,674.625,42.707394,-77.20461,1310.7462
2026-03-28T18:17:43.875Z,Main descent,-0.567,0.795,-0.589,674.625,42.707394,-77.20461,1274.8478
2026-03-28T18:17:43.875Z,Main descent,-0.448,0.526,-0.682,674.625,42.707394,-77.20461,1234.686
2026-03-28T18:17:44.401Z,Main descent,-0.517,0.365,-0.792,674.625,42.707394,-77.20461,1206.3154
2026-03-28T18:17:44.402Z,Main descent,-0.511,0.49,-0.86,623.415,42.70737,-77.20448,1175.9651
2026-03-28T18:17:44.402Z,Main descent,-0.417,0.681,-0.84,623.415,42.70737,-77.20448,1150.7891
2026-03-28T18:17:44.913Z,Main descent,-0.446,0.573,-0.727,623.415,42.70737,-77.20448,1115.9161
2026-03-28T18:17:44.914Z,Main descent,-0.587,0.35,-0.771,623.415,42.70737,-77.20448,1077.6566
2026-03-28T18:17:45.425Z,Main descent,-0.564,0.609,-0.719,570.813,42.707333,-77.20437,1000.6952
2026-03-28T18:17:45.426Z,Main descent,-0.447,0.679,-0.706,570.813,42.707333,-77.20437,966.54614
2026-03-28T18:17:45.937Z,Main descent,-0.469,0.632,-0.841,570.813,42.707333,-77.20437,939.8202
2026-03-28T18:17:45.938Z,Main descent,-0.551,0.549,-0.9,570.813,42.707333,-77.20437,908.57275
2026-03-28T18:17:45.938Z,Main descent,-0.587,0.563,-0.873,570.813,42.707333,-77.20437,881.6085
2026-03-28T18:17:46.449Z,Main descent,-0.531,0.613,-0.699,570.813,42.707333,-77.20437,840.2106
2026-03-28T18:17:46.450Z,Main descent,-0.568,0.485,-0.692,517.05,42.707314,-77.20425,802.2612
2026-03-28T18:17:46.450Z,Main descent,-0.699,0.382,-0.775,517.05,42.707314,-77.20425,778.4923
2026-03-28T18:17:46.961Z,Main descent,-0.69,0.496,-0.667,517.05,42.707314,-77.20425,754.1759
2026-03-28T18:17:46.962Z,Main descent,-0.45,0.508,-0.817,517.05,42.707314,-77.20425,695.15234
2026-03-28T18:17:46.964Z,Main descent,-0.512,0.422,-1.125,517.05,42.707314,-77.20425,665.2567
2026-03-28T18:17:47.472Z,Main descent,-0.657,0.626,-1.039,462.879,42.70729,-77.2041,617.92883
2026-03-28T18:17:47.473Z,Main descent,-0.667,0.804,-0.852,462.879,42.70729,-77.2041,590.9149
2026-03-28T18:17:47.475Z,Main descent,-0.621,0.924,-0.726,462.879,42.70729,-77.2041,565.6072
2026-03-28T18:17:47.882Z,Main descent,-0.686,0.809,-0.695,462.879,42.70729,-77.2041,495.40863
2026-03-28T18:17:48.395Z,Main descent,-0.704,0.636,-0.784,462.879,42.70729,-77.2041,464.56787
2026-03-28T18:17:48.395Z,Main descent,-0.636,0.687,-0.923,408.378,42.707268,-77.20398,434.0337
2026-03-28T18:17:48.396Z,Main descent,-0.477,0.991,-0.917,408.378,42.707268,-77.20398,410.24292
2026-03-28T18:17:48.908Z,Main descent,-0.887,0.929,-0.632,408.378,42.707268,-77.20398,304.36212
2026-03-28T18:17:49.418Z,Main descent,-0.727,1.129,-0.735,354.205,42.707253,-77.20384,279.26862
2026-03-28T18:17:49.419Z,Main descent,-0.527,0.896,-0.72,354.205,42.707253,-77.20384,233.30933
2026-03-28T18:17:49.421Z,Main descent,-0.686,0.4,-0.854,354.205,42.707253,-77.20384,187.4137
2026-03-28T18:17:49.623Z,Main descent,-0.86,0.405,-1.003,354.205,42.707253,-77.20384,166.84845
2026-03-28T18:17:49.931Z,Main descent,-0.603,1.204,-0.924,354.205,42.707253,-77.20384,158.23761
2026-03-28T18:17:49.934Z,Main descent,-0.308,0.885,-0.737,354.205,42.707253,-77.20384,101.34973
2026-03-28T18:17:50.443Z,Main descent,-1.172,-0.335,-3.097,300.334,42.707226,-77.20371,91.36981
2026-03-28T18:17:50.443Z,Main descent,-1.281,1.494,-2.313,300.334,42.707226,-77.20371,22.419434
2026-03-28T18:18:07.441Z,Pad,0.719,0.678,0.154,0.0,0.0,0.0,-1.8906555
2026-03-28T18:18:07.442Z,Pad,0.719,0.678,0.154,0.0,0.0,0.0,-4.655487
2026-03-28T18:18:07.443Z,Pad,0.719,0.678,0.154,0.0,0.0,0.0,-4.655487
2026-03-28T18:18:08.978Z,Pad,0.719,0.679,0.154,0.0,0.0,0.0,-3.2739563
2026-03-28T18:18:08.979Z,Pad,0.72,0.679,0.154,0.0,0.0,0.0,0.8727112
2026-03-28T18:18:13.380Z,Pad,0.719,0.679,0.154,0.0,0.0,0.0,-0.5090027
2026-03-28T18:18:14.916Z,Pad,0.719,0.679,0.154,0.0,0.0,0.0,-0.5090027
2026-03-28T18:18:27.372Z,Pad,0.719,0.679,0.154,0.0,0.0,0.0,1.1493835
2026-03-28T18:18:27.921Z,Pad,0.719,0.679,0.154,0.0,0.0,0.0,-1.6139832
2026-03-28T18:18:27.922Z,Pad,0.719,0.679,0.153,0.0,0.0,0.0,-1.6139832
2026-03-28T18:18:29.457Z,Pad,0.719,0.679,0.154,0.0,0.0,0.0,1.1493835
2026-03-28T18:18:30.379Z,Pad,0.719,0.679,0.154,0.0,0.0,0.0,1.1493835
2026-03-28T18:18:34.474Z,Pad,0.719,0.679,0.154,0.0,0.0,0.0,2.2544556
2026-03-28T18:18:35.396Z,Pad,0.719,0.679,0.153,0.0,0.0,0.0,-1.6139832
2026-03-28T18:18:35.398Z,Pad,0.719,0.679,0.153,0.0,0.0,0.0,2.2544556
2026-03-28T18:18:35.670Z,Pad,0.719,0.679,0.153,0.0,0.0,0.0,-1.6139832
2026-03-28T18:18:35.873Z,Pad,0.719,0.679,0.153,0.0,0.0,0.0,2.2544556
2026-03-28T18:18:36.420Z,Pad,0.719,0.679,0.153,0.0,0.0,0.0,-1.6139832
2026-03-28T18:18:36.933Z,Pad,0.719,0.679,0.153,0.0,0.0,0.0,1.1493835
2026-03-28T18:18:36.934Z,Pad,0.719,0.679,0.153,0.0,0.0,0.0,1.1493835
2026-03-28T18:18:37.445Z,Pad,0.719,0.679,0.153,0.0,0.0,0.0,1.1493835
2026-03-28T18:18:37.446Z,Pad,0.72,0.679,0.154,0.0,0.0,0.0,1.1493835
2026-03-28T18:18:37.447Z,Pad,0.719,0.679,0.153,0.0,0.0,0.0,-1.6139832
2026-03-28T18:18:38.469Z,Pad,0.719,0.679,0.153,0.0,0.0,0.0,-1.6139832
2026-03-28T18:18:38.470Z,Pad,0.719,0.679,0.153,0.0,0.0,0.0,2.2544556
2026-03-28T18:18:38.470Z,Pad,0.719,0.679,0.154,0.0,0.0,0.0,-1.6139832
2026-03-28T18:18:38.878Z,Pad,0.719,0.679,0.153,0.0,0.0,0.0,1.1493835
2026-03-28T18:18:39.390Z,Pad,0.719,0.679,0.153,0.0,0.0,0.0,-1.6139832
2026-03-28T18:18:39.391Z,Pad,0.719,0.678,0.153,0.0,0.0,0.0,2.2544556
2026-03-28T18:18:39.391Z,Pad,0.719,0.679,0.154,0.0,0.0,0.0,-1.6139832
2026-03-28T18:18:39.901Z,Pad,0.719,0.679,0.153,0.0,0.0,0.0,2.2544556
2026-03-28T18:18:39.902Z,Pad,0.719,0.679,0.153,0.0,0.0,0.0,2.2544556
2026-03-28T18:18:40.413Z,Pad,0.719,0.679,0.153,0.0,0.0,0.0,2.2544556
2026-03-28T18:18:40.414Z,Pad,0.719,0.679,0.154,0.0,0.0,0.0,2.2544556
2026-03-28T18:18:40.926Z,Pad,0.72,0.679,0.153,0.0,0.0,0.0,2.2544556
2026-03-28T18:18:42.464Z,Pad,0.719,0.679,0.153,0.0,0.0,0.0,2.2544556
2026-03-28T18:18:43.383Z,Pad,0.719,0.679,0.153,0.0,0.0,0.0,2.2544556
2026-03-28T18:18:44.407Z,Pad,0.719,0.679,0.153,0.0,0.0,0.0,2.2544556
2026-03-28T18:18:44.919Z,Pad,0.719,0.679,0.154,0.0,0.0,0.0,5.0198364
2026-03-28T18:18:45.431Z,Pad,0.719,0.679,0.153,0.0,0.0,0.0,2.2544556
2026-03-28T18:18:45.432Z,Pad,0.719,0.679,0.153,0.0,0.0,0.0,-0.5090027
2026-03-28T18:18:48.566Z,Pad,0.719,0.679,0.153,0.0,0.0,0.0,-0.5090027
2026-03-28T18:18:48.567Z,Pad,0.719,0.679,0.153,0.0,0.0,0.0,-0.5090027
2026-03-28T18:18:48.567Z,Pad,0.719,0.679,0.153,0.0,0.0,0.0,-0.5090027
2026-03-28T18:18:48.567Z,Pad,0.719,0.679,0.153,0.0,0.0,0.0,-0.5090027
2026-03-28T18:18:51.123Z,Pad,0.719,0.679,0.153,0.0,0.0,0.0,-0.5090027
2026-03-28T18:18:54.373Z,Pad,0.719,0.679,0.153,0.0,0.0,0.0,2.2544556
